Topic of discussion,Representative tweet id,Another representative tweet id (if any)
ml denoms,449236403876945920
world denoms mainline,449233084077330432
prog evangelicals,449233084077330432
hip evang,449239411432370176
things,449235219212550144,449234220192235520
issues,449235219212550144,449236403876945920
years,449262451062628352
diversity,449238611247259648
denom experience level,449234685592215552
room,449234122297589760
