Topic of discussion,Representative tweet id,Another representative tweet id (if any)
prog evangelicals,449233084077330432
world denoms mainline,449233084077330432
hip evang,449239411432370176
ml denoms,449236403876945920
things,449235219212550144,449234220192235520
issues,449235219212550144,449236403876945920
diversity,449238611247259648
room,449234122297589760
years,449262451062628352
point,449237813909667840
